キーワード,ボリューム
善光寺 お守り,2900
善光寺お守り一覧,90
善光寺安産お守り,70
寒川神社お守り,5400
寒川神社お守り一覧,1300
寒川神社お守りおすすめ,880
寒川神社お守り値段,140
寒川神社健康お守り,30
寒川神社レイライン お守り,30
寒川神社方位除けお守り,20
寒川神社鈴お守り,0
小網神社 お守り,12100
小網神社お守り返納,480
小網神社 みみずくお守り,390
小網神社お守りおすすめ,390
小網神社御守,390
小網神社お守り人気,140
小網神社レースお守り,90
小網神社お守り通販,90
小網神社金運お守り,70
小網神社最強お守り,50
小網神社のお守り,40
小網神社お守り一覧,20
小網神社 555年 お守り,10
小網神社 お守り 555,10
三峯神社 お守り,4400
三峯神社お守り種類,880
三峯神社白いお守り,320
新屋山神社 お守り,880
新屋山神社 お守り 種類,210
新屋山神社 お守り 小判,90
新屋山神社奥宮 お守り,50
新屋山神社 金運お守り,0
新屋山神社のお守り,0
神田神社 お守り,390
神田神社御守,320
神田神社滋賀サンリオお守り,140
神田神社サンリオお守り,110
神田神社うまくいくお守り,20
神田神社 お守り返納,20
神田神社 お守り 返却,0
下鴨神社のお守り,14800
下鴨神社 お守り,12100
下鴨神社御守,1600
下鴨神社お守り種類,1300
下鴨神社水お守り,880
下鴨神社お守り指輪,720
下鴨神社レースお守り,720
下鴨神社お守り値段,480
下鴨神社お守りレース,390
下鴨神社縁結び お守り,210
下鴨神社干支お守り,90
下鴨神社ラグビーお守り,90
下鴨神社季節のお守り,50
下鴨神社レースのお守り,40
下鴨神社御守2025,20
下鴨神社リングお守り,0
大國魂神社 お守り,880
大國魂神社お守り,720
大國魂神社 安産お守り,10
大國魂神社のお守り,0
日枝神社 お守り,1900
日枝神社お守り種類,260
日枝神社お守りサンリオ,260
日枝神社御守,210
日枝神社赤坂 お守り,140
日枝神社サンリオお守り,140
日枝神社お守り一覧,10
長谷寺お守り,1300
長谷寺お守り一覧,140
長谷寺お守り種類,50
大安寺お守り,140
法輪寺 お守り,390
法輪寺御守,260
浅草寺 お守り,2400
浅草寺お守り値段,390
浅草寺のお守り,70
浅草寺hello kitty御守,0
川崎大師お守り,1300
川崎大師お守り種類,390
川崎大師交通安全お守り,70
川崎大師お守り値段,50
住吉大社 お守り,2400
住吉大社うさぎお守り,390
住吉大社お守り値段,320
住吉大社お守り種類,320
安房神社 お守り,480
安房神社 お守り おすすめ,210
安房神社 金運お守り,90
安房神社のお守り,0
厳島神社 お守り,3600
厳島神社お守り一覧,1000
厳島神社お守り種類,210
鹿島神宮 お守り,1300
鹿島神宮お守り種類,320
鹿島神宮お守り合体,140
鹿島神宮お守り値段,90
鹿島神宮12年に一度お守り,70
鹿島神宮合わせお守り,10
鹿島神宮双宮お守り,0
鹿島神宮馬のお守り,0
鶴岡八幡宮 お守り,2400
鶴岡八幡宮お守り値段,320
鶴岡八幡宮御守,170
鶴岡八幡宮お守り種類,140
鶴岡八幡宮御守り,70
西宮神社お守り,880
西宮神社 お守り,720
西宮神社お守り種類,210
西宮神社御守,10
西宮神社のお守り,0
御金神社 お守り,1600
御金神社お守り値段,260
御金神社御守,260
御金神社お守り種類,210
御金神社 お守り 種類,170
伊勢神宮 お守り,14800
伊勢神宮お守り,12100
伊勢神宮お守り種類,2400
伊勢神宮お守り値段,1300
伊勢神宮健康お守り,50
伊勢神宮崇敬会 お守り,30
金劔宮 お守り,1000
金剱宮 お守り,320
金劔宮 お守り 種類,110
金劔宮 お守り 郵送,90
金釼宮 お守り,0
宮地嶽神社 お守り,720
宮地嶽神社お守り,480
宮地嶽神社お守り種類,110
宮地嶽神社のお守り,0
九頭龍神社 お守り効果,320
九頭龍神社 お守り,140
九頭竜神社お守り,110
九頭龍神社本宮 お守り,0
明治神宮お守り,5400
明治神宮お守り値段,880
明治神宮お守り種類,480
明治神宮安産お守り,140
明治神宮鳥居のお守り,90
明治神宮2026お守り,40
出雲大社 お守り,12100
出雲大社縁結びお守り,1000
出雲大社東京分祠 お守り,260
出雲大社相模分祠 お守り,140
靖国神社お守り,1900
靖國神社お守り,40
竹生島神社 お守り,260
今宮戎神社 お守り,320
十日恵比須神社 お守り,50
岡崎神社お守り,720
岡崎神社 お守り,590
岡崎神社 うさぎ お守り,320
岡崎神社京都 お守り,70
岡崎神社 安産お守り,70
岡崎神社のお守り,0
伏見稲荷大社のお守り,2900
伏見稲荷大社お守り,2400
太宰府天満宮お守り,6600
太宰府天満宮のお守り,5400
太宰府天満宮お守り値段,320
太宰府天満宮お守り種類,140
新勝寺 お守り,70
車折神社 お守り,1300
車折神社推し活お守り,390
車折神社 お守り 推し,260
車折神社 お守り 種類,210
車折神社お守り 効果,110
車折神社 お守り返納,90
車折神社お守り メゾピアノ,50
車折神社 神席お守り,20
車折神社のお守り,0
